id,nombre,email
1,Juan,juan@test.com
2,Pedro,pedro@test.com
3,Maria,maria@test.com
4,Jose,jose@test.com
5,Pepe,pepe@test.com
6,Pablo,pablo@test.com
7,Hugo,hugo@test.com
8,Arnau,arnau@test.com
9,Berta,berta@test.com
10,Juana,juana@test.com
